Time [s],Value,Parity Error,Framing Error
9.470378500000001,85,,
9.470465166666667,15,,
9.470551833333333,4,,
9.470638541666666,162,,
9.470725208333333,3,,
9.470811875000001,11,,
9.470898541666667,0,,
9.470985208333333,0,,
9.471071916666666,128,,
9.471158583333333,13,,
9.471245250000001,2,,
9.471331916666667,0,,
9.471418583333334,0,,
9.471505291666666,48,,
9.471591958333333,193,,
9.471678624999999,85,,
9.471765291666667,18,,
9.471851958333334,4,,
9.471938666666667,199,,
9.472025333333333,3,,
9.472111999999999,11,,
9.472198666666667,21,,
9.472285333333334,0,,
9.472372041666667,128,,
9.472458708333333,14,,
9.472545374999999,1,,
9.472632041666667,0,,
9.472718708333334,0,,
9.472805375000000,136,,
9.472892083333333,19,,
9.472978749999999,1,,
9.473065416666667,149,,
9.473152083333334,141,,
9.473238750000000,85,,
9.473325458333333,15,,
9.473412124999999,4,,
9.473498791666668,162,,
9.473585458333334,3,,
9.473672125000000,11,,
9.473758833333333,22,,
9.473845499999999,0,,
9.473932166666666,128,,
9.474018833333334,14,,
9.474105500000000,2,,
9.474192208333333,0,,
9.474278875000000,1,,
9.474365541666666,112,,
9.474452208333334,24,,
9.474538875000000,85,,
9.474625583333333,15,,
9.474712250000000,4,,
9.474798916666666,162,,
9.474885583333334,3,,
9.474972250000000,11,,
9.475058958333333,0,,
9.475145625000000,0,,
9.475232291666666,128,,
9.475318958333334,13,,
9.475405625000000,2,,
9.475492333333333,0,,
9.475579000000000,0,,
9.475665666666666,48,,
9.475752333333334,193,,
9.690376458333333,85,,
9.690463125000001,17,,
9.690549791666667,4,,
9.690636500000000,146,,
9.690723166666666,3,,
9.690809833333333,11,,
9.690896499999999,26,,
9.690983166666667,0,,
9.691069875000000,128,,
9.691156541666667,14,,
9.691243208333333,34,,
9.691329874999999,0,,
9.691416541666667,0,,
9.691503250000000,136,,
9.691589916666667,19,,
9.691676583333333,200,,
9.691763249999999,127,,
9.710407000000000,85,,
9.710493666666666,15,,
9.710580374999999,4,,
9.710667041666667,162,,
9.710753708333334,3,,
9.710840375000000,11,,
9.710927041666666,27,,
9.711013708333333,0,,
9.711100416666667,128,,
9.711187083333334,14,,
9.711273750000000,35,,
9.711360416666666,0,,
9.711447083333333,0,,
9.711533791666668,81,,
9.711620458333334,126,,
9.711707125000000,85,,
9.711793791666667,15,,
9.711880458333333,4,,
9.711967166666666,162,,
9.712053833333334,3,,
9.712140500000000,11,,
9.712227166666667,0,,
9.712313833333333,0,,
9.712400541666666,128,,
9.712487208333334,13,,
9.712573875000000,2,,
9.712660541666667,0,,
9.712747208333333,0,,
9.712833916666666,48,,
9.712920583333334,193,,
10.450462416666667,85,,
10.450549083333334,17,,
10.450635750000000,4,,
10.450722416666666,146,,
10.450809124999999,3,,
10.450895791666667,11,,
10.450982458333334,38,,
10.451069125000000,3,,
10.451155791666666,32,,
10.451242499999999,13,,
10.451329166666667,3,,
10.451415833333334,1,,
10.451502500000000,0,,
10.451589166666666,0,,
10.451675874999999,0,,
10.451762541666668,1,,
10.451849208333334,67,,
10.690447583333333,85,,
10.690534250000001,15,,
10.690620916666667,4,,
10.690707625000000,162,,
10.690794291666666,3,,
10.690880958333333,11,,
10.690967625000001,31,,
10.691054291666667,0,,
10.691141000000000,128,,
10.691227666666666,14,,
10.691314333333333,2,,
10.691401000000001,0,,
10.691487666666667,1,,
10.691574375000000,73,,
10.691661041666666,89,,
10.691747708333333,85,,
10.691834374999999,17,,
10.691921041666667,4,,
10.692007750000000,146,,
10.692094416666666,3,,
10.692181083333333,11,,
10.692267749999999,32,,
10.692354416666667,0,,
10.692441125000000,128,,
10.692527791666667,14,,
10.692614458333333,34,,
10.692701124999999,0,,
10.692787791666667,0,,
10.692874500000000,136,,
10.692961166666667,19,,
10.693047833333333,85,,
10.693134499999999,147,,
10.710469458333334,85,,
10.710556125000000,15,,
10.710642833333333,4,,
10.710729499999999,162,,
10.710816166666667,3,,
10.710902833333334,11,,
10.710989500000000,0,,
10.711076208333333,0,,
10.711162874999999,128,,
10.711249541666668,13,,
10.711336208333334,2,,
10.711422875000000,0,,
10.711509541666667,0,,
10.711596249999999,48,,
10.711682916666666,193,,
11.450680916666666,85,,
11.450767583333333,17,,
11.450854250000001,4,,
11.450940958333334,146,,
11.451027625000000,3,,
11.451114291666666,11,,
11.451200958333333,103,,
11.451287625000001,5,,
11.451374333333334,32,,
11.451461000000000,13,,
11.451547666666666,3,,
11.451634333333333,1,,
11.451720999999999,0,,
11.451807666666667,0,,
11.451894375000000,0,,
11.451981041666667,46,,
11.452067708333333,245,,
11.490438666666666,85,,
11.490525333333334,17,,
11.490612000000000,4,,
11.490698666666667,146,,
11.490785333333333,4,,
11.490872000000000,11,,
11.490958708333334,246,,
11.491045375000001,34,,
11.491132041666667,32,,
11.491218708333333,13,,
11.491305375000000,2,,
11.491392083333333,0,,
11.491478750000001,0,,
11.491565416666667,0,,
11.491652083333333,1,,
11.491738750000000,254,,
11.491825458333333,15,,
11.690648749999999,85,,
11.690735458333334,17,,
11.690822125000000,4,,
11.690908791666667,146,,
11.690995458333333,3,,
11.691082124999999,11,,
11.691168833333334,36,,
11.691255500000000,0,,
11.691342166666667,128,,
11.691428833333333,14,,
11.691515500000000,34,,
11.691602208333334,0,,
11.691688875000001,0,,
11.691775541666667,136,,
11.691862208333333,19,,
11.691948875000000,176,,
11.692035583333332,172,,
11.710687999999999,85,,
11.710774666666667,15,,
11.710861333333334,4,,
11.710948000000000,162,,
11.711034666666666,3,,
11.711121374999999,11,,
11.711208041666668,0,,
11.711294708333334,0,,
11.711381375000000,128,,
11.711468041666667,13,,
11.711554749999999,2,,
11.711641416666666,0,,
11.711728083333334,0,,
11.711814750000000,48,,
11.711901416666667,193,,
12.450769458333333,85,,
12.450856125000000,17,,
12.450942791666666,4,,
12.451029500000001,146,,
12.451116166666667,3,,
12.451202833333333,11,,
12.451289500000000,158,,
12.451376166666666,7,,
12.451462875000001,32,,
12.451549541666667,13,,
12.451636208333333,3,,
12.451722875000000,1,,
12.451809541666666,0,,
12.451896208333334,0,,
12.451982916666667,0,,
12.452069583333333,111,,
12.452156250000000,230,,
12.470661333333334,85,,
12.470748000000000,17,,
12.470834666666667,4,,
12.470921333333333,146,,
12.471008041666666,4,,
12.471094708333334,11,,
12.471181375000000,198,,
12.471268041666667,42,,
12.471354708333333,32,,
12.471441416666666,13,,
12.471528083333334,2,,
12.471614750000001,0,,
12.471701416666667,0,,
12.471788083333333,0,,
12.471874750000000,1,,
12.471961458333332,239,,
12.472048125000001,42,,
12.690720000000001,85,,
12.690806666666667,15,,
12.690893333333333,4,,
12.690980000000000,162,,
12.691066666666666,3,,
12.691153375000001,11,,
12.691240041666667,41,,
12.691326708333333,0,,
12.691413375000000,128,,
12.691500041666666,14,,
12.691586750000001,2,,
12.691673416666667,0,,
12.691760083333333,1,,
12.691846750000000,206,,
12.691933416666666,215,,
12.710793875000000,85,,
12.710880541666667,17,,
12.710967208333333,4,,
12.711053874999999,146,,
12.711140583333334,3,,
12.711227250000000,11,,
12.711313916666667,42,,
12.711400583333333,0,,
12.711487249999999,128,,
12.711573958333334,14,,
12.711660625000000,34,,
12.711747291666667,0,,
12.711833958333333,0,,
12.711920624999999,136,,
12.712007333333334,19,,
12.712094000000000,101,,
12.712180666666667,119,,
12.712267333333333,85,,
12.712353999999999,15,,
12.712440708333334,4,,
12.712527375000001,162,,
12.712614041666667,3,,
12.712700708333333,11,,
12.712787375000000,43,,
12.712874083333332,0,,
12.712960750000001,128,,
12.713047416666667,14,,
12.713134083333333,35,,
12.713220750000000,0,,
12.713307458333333,0,,
12.713394125000001,27,,
12.713480791666667,168,,
12.713567458333333,85,,
12.713654125000000,15,,
12.713740833333333,4,,
12.713827500000001,162,,
12.713914166666667,3,,
12.714000833333333,11,,
12.714087500000000,0,,
12.714174208333333,0,,
12.714260875000001,128,,
12.714347541666667,13,,
12.714434208333333,2,,
12.714520875000000,0,,
12.714607541666666,0,,
12.714694250000001,48,,
12.714780916666667,193,,
13.450892708333333,85,,
13.450979374999999,17,,
13.451066041666667,4,,
13.451152750000000,146,,
13.451239416666667,3,,
13.451326083333333,11,,
13.451412749999999,182,,
13.451499416666667,10,,
13.451586125000000,32,,
13.451672791666667,13,,
13.451759458333333,3,,
13.451846124999999,1,,
13.451932791666666,0,,
13.452019500000000,0,,
13.452106166666667,0,,
13.452192833333333,65,,
13.452279500000000,212,,
13.470706583333333,85,,
13.470793250000000,17,,
13.470879916666666,4,,
13.470966583333333,146,,
13.471053291666667,4,,
13.471139958333334,11,,
13.471226625000000,150,,
13.471313291666666,50,,
13.471399958333333,32,,
13.471486625000001,13,,
13.471573333333334,2,,
13.471660000000000,0,,
13.471746666666666,0,,
13.471833333333333,0,,
13.471920000000001,1,,
13.472006708333334,220,,
13.472093375000000,69,,
13.710943125000000,85,,
13.711029833333333,17,,
13.711116499999999,4,,
13.711203166666667,146,,
13.711289833333334,3,,
13.711376500000000,11,,
13.711463208333333,47,,
13.711549874999999,0,,
13.711636541666667,128,,
13.711723208333334,14,,
13.711809875000000,34,,
13.711896583333333,0,,
13.711983249999999,0,,
13.712069916666668,136,,
13.712156583333334,19,,
13.712243250000000,125,,
13.712329958333333,5,,
13.712416624999999,85,,
13.712503291666666,15,,
13.712589958333334,4,,
13.712676625000000,162,,
13.712763291666667,3,,
13.712850000000000,11,,
13.712936666666666,0,,
13.713023333333334,0,,
13.713110000000000,128,,
13.713196666666667,13,,
13.713283375000000,2,,
13.713370041666666,0,,
13.713456708333334,0,,
13.713543375000000,48,,
13.713630041666667,193,,
14.450981333333333,85,,
14.451067999999999,17,,
14.451154708333334,4,,
14.451241375000000,146,,
14.451328041666667,3,,
14.451414708333333,11,,
14.451501374999999,190,,
14.451588083333334,13,,
14.451674750000000,32,,
14.451761416666667,13,,
14.451848083333333,3,,
14.451934749999999,1,,
14.452021458333334,0,,
14.452108125000001,0,,
14.452194791666667,0,,
14.452281458333333,133,,
14.452368125000000,55,,
14.470795208333334,85,,
14.470881875000000,17,,
14.470968541666666,4,,
14.471055208333333,146,,
14.471141916666667,4,,
14.471228583333334,11,,
14.471315250000000,102,,
14.471401916666666,58,,
14.471488583333333,32,,
14.471575291666667,13,,
14.471661958333334,2,,
14.471748625000000,0,,
14.471835291666666,0,,
14.471921958333333,0,,
14.472008666666667,1,,
14.472095333333334,121,,
14.472182000000000,66,,
14.513239875000000,85,,
14.513326541666666,33,,
14.513413208333333,4,,
14.513499875000001,191,,
14.513586541666667,3,,
14.513673250000000,11,,
14.513759916666666,0,,
14.513846583333333,14,,
14.513933249999999,64,,
14.514019916666667,13,,
14.514106625000000,35,,
14.514193291666666,0,,
14.514279958333333,0,,
14.514366624999999,145,,
14.514453291666667,253,,
14.514540000000000,222,,
14.514626666666667,187,,
14.514713333333333,92,,
14.514799999999999,221,,
14.514886666666667,107,,
14.514973375000000,245,,
14.515060041666667,109,,
14.515146708333333,173,,
14.515233374999999,77,,
14.515320041666667,95,,
14.515406750000000,126,,
14.515493416666667,54,,
14.515580083333333,58,,
14.515666749999999,36,,
14.515753416666668,7,,
14.515840083333334,0,,
14.515926791666667,52,,
14.516013458333333,171,,
14.691555958333334,85,,
14.691642625000000,15,,
14.691729291666666,4,,
14.691815958333333,162,,
14.691902666666667,3,,
14.691989333333334,11,,
14.692076000000000,51,,
14.692162666666666,0,,
14.692249333333333,128,,
14.692336041666668,14,,
14.692422708333334,2,,
14.692509375000000,0,,
14.692596041666667,1,,
14.692682708333333,80,,
14.692769416666666,139,,
14.710971125000000,85,,
14.711057791666667,17,,
14.711144458333333,4,,
14.711231124999999,146,,
14.711317791666668,3,,
14.711404500000000,11,,
14.711491166666667,52,,
14.711577833333333,0,,
14.711664499999999,128,,
14.711751166666666,14,,
14.711837875000001,34,,
14.711924541666667,0,,
14.712011208333333,0,,
14.712097875000000,136,,
14.712184541666666,19,,
14.712271250000001,36,,
14.712357916666667,83,,
14.712444583333333,85,,
14.712531250000000,15,,
14.712617916666666,4,,
14.712704625000001,162,,
14.712791291666667,3,,
14.712877958333333,11,,
14.712964625000000,0,,
14.713051291666666,0,,
14.713138000000001,128,,
14.713224666666667,13,,
14.713311333333333,2,,
14.713398000000000,0,,
14.713484666666666,0,,
14.713571333333332,48,,
14.713658041666667,193,,
15.091161500000000,85,,
15.091248166666666,15,,
15.091334874999999,4,,
15.091421541666667,162,,
15.091508208333334,3,,
15.091594875000000,11,,
15.091681541666667,195,,
15.091768249999999,15,,
15.091854916666666,64,,
15.091941583333334,13,,
15.092028250000000,35,,
15.092114916666667,0,,
15.092201625000000,1,,
15.092288291666666,213,,
15.092374958333334,22,,
15.451087333333334,85,,
15.451174041666667,17,,
15.451260708333333,4,,
15.451347374999999,146,,
15.451434041666667,3,,
15.451520708333334,11,,
15.451607416666667,233,,
15.451694083333333,16,,
15.451780749999999,32,,
15.451867416666667,13,,
15.451954083333334,3,,
15.452040791666667,1,,
15.452127458333333,0,,
15.452214124999999,0,,
15.452300791666667,0,,
15.452387458333334,53,,
15.452474166666667,38,,
15.470823208333334,85,,
15.470909875000000,17,,
15.470996541666667,4,,
15.471083208333333,146,,
15.471169916666666,4,,
15.471256583333334,11,,
15.471343250000000,54,,
15.471429916666667,66,,
15.471516583333333,32,,
15.471603291666666,13,,
15.471689958333334,2,,
15.471776625000000,0,,
15.471863291666667,0,,
15.471949958333333,0,,
15.472036666666666,1,,
15.472123333333334,75,,
15.472210000000000,254,,
15.731073000000000,85,,
15.731159666666667,17,,
15.731246375000000,4,,
15.731333041666666,146,,
15.731419708333334,3,,
15.731506375000000,11,,
15.731593041666667,56,,
15.731679750000000,0,,
15.731766416666666,128,,
15.731853083333334,14,,
15.731939750000000,34,,
15.732026416666667,0,,
15.732113125000000,0,,
15.732199791666666,136,,
15.732286458333334,19,,
15.732373125000001,11,,
15.732459791666667,19,,
15.732546458333333,85,,
15.732633166666666,15,,
15.732719833333332,4,,
15.732806500000001,162,,
15.732893166666667,3,,
15.732979875000000,11,,
15.733066541666666,57,,
15.733153208333333,0,,
15.733239875000001,128,,
15.733326541666667,14,,
15.733413208333333,35,,
15.733499916666666,0,,
15.733586583333333,0,,
15.733673250000001,105,,
15.733759916666667,42,,
15.733846583333333,85,,
15.733933291666666,15,,
15.734019958333333,4,,
15.734106625000001,162,,
15.734193291666667,3,,
15.734279958333333,11,,
15.734366666666666,0,,
15.734453333333333,0,,
15.734540000000001,128,,
15.734626666666667,13,,
15.734713333333334,2,,
15.734800041666666,0,,
15.734886708333333,0,,
15.734973374999999,48,,
15.735060041666667,193,,
16.451072041666666,85,,
16.451158750000001,17,,
16.451245416666666,4,,
16.451332083333334,146,,
16.451418749999998,4,,
16.451505416666667,11,,
16.451592083333335,6,,
16.451678791666666,74,,
16.451765458333334,32,,
16.451852124999998,13,,
16.451938791666667,2,,
16.452025458333335,0,,
16.452112166666666,0,,
16.452198833333334,0,,
16.452285499999999,1,,
16.452372166666667,90,,
16.452458833333335,219,,
16.452545541666666,85,,
16.452632208333334,17,,
16.452718874999999,4,,
16.452805541666667,146,,
16.452892208333335,3,,
16.452978916666666,11,,
16.453065583333334,46,,
16.453152249999999,20,,
16.453238916666667,32,,
16.453325583333335,13,,
16.453412291666666,3,,
16.453498958333334,1,,
16.453585624999999,0,,
16.453672291666667,0,,
16.453758958333335,0,,
16.453845666666666,189,,
16.453932333333334,251,,
16.731127083333334,85,,
16.731213749999998,15,,
16.731300416666667,4,,
16.731387083333335,162,,
16.731473749999999,3,,
16.731560458333334,11,,
16.731647124999999,61,,
16.731733791666667,0,,
16.731820458333335,128,,
16.731907124999999,14,,
16.731993833333334,2,,
16.732080499999999,0,,
16.732167166666667,1,,
16.732253833333335,113,,
16.732340499999999,13,,
16.732427208333334,85,,
16.732513874999999,17,,
16.732600541666667,4,,
16.732687208333335,146,,
16.732773874999999,3,,
16.732860541666668,11,,
16.732947249999999,62,,
16.733033916666667,0,,
16.733120583333335,128,,
16.733207250000000,14,,
16.733293916666668,34,,
16.733380624999999,0,,
16.733467291666667,0,,
16.733553958333335,136,,
16.733640625000000,19,,
16.733727291666668,20,,
16.733813999999999,183,,
16.733900666666667,85,,
16.733987333333335,15,,
16.734074000000000,4,,
16.734160666666668,162,,
16.734247374999999,3,,
16.734334041666667,11,,
16.734420708333332,0,,
16.734507375000000,0,,
16.734594041666668,128,,
16.734680749999999,13,,
16.734767416666667,2,,
16.734854083333332,0,,
16.734940750000000,0,,
16.735027416666668,48,,
16.735114124999999,193,,
17.451143458333334,85,,
17.451230166666665,17,,
17.451316833333333,4,,
17.451403500000001,146,,
17.451490166666666,4,,
17.451576833333334,11,,
17.451663541666665,214,,
17.451750208333333,81,,
17.451836875000001,32,,
17.451923541666666,13,,
17.452010208333334,2,,
17.452096916666665,0,,
17.452183583333333,0,,
17.452270250000002,0,,
17.452356916666666,1,,
17.452443583333334,110,,
17.452530291666665,250,,
17.452616958333333,85,,
17.452703625000002,17,,
17.452790291666666,4,,
17.452876958333334,146,,
17.452963666666665,3,,
17.453050333333334,11,,
17.453137000000002,90,,
17.453223666666666,23,,
17.453310333333334,32,,
17.453397041666666,13,,
17.453483708333334,3,,
17.453570375000002,1,,
17.453657041666666,0,,
17.453743708333334,0,,
17.453830416666666,0,,
17.453917083333334,70,,
17.454003749999998,160,,
17.691163416666665,85,,
17.691250083333333,13,,
17.691336750000001,4,,
17.691423416666666,51,,
17.691510083333334,74,,
17.691596791666665,11,,
17.691683458333333,0,,
17.691770125000001,0,,
17.691856791666666,64,,
17.691943458333334,0,,
17.692030166666665,1,,
17.692116833333333,105,,
17.692203500000002,208,,
17.731259166666668,85,,
17.731345833333332,17,,
17.731432541666667,4,,
17.731519208333335,146,,
17.731605875000000,3,,
17.731692541666668,11,,
17.731779208333332,67,,
17.731865875000000,0,,
17.731952583333332,128,,
17.732039250000000,14,,
17.732125916666668,34,,
17.732212583333332,0,,
17.732299250000001,0,,
17.732385958333332,136,,
17.732472625000000,19,,
17.732559291666668,8,,
17.732645958333332,84,,
17.732732625000001,85,,
17.732819333333332,15,,
17.732906000000000,4,,
17.732992666666668,162,,
17.733079333333333,3,,
17.733166000000001,11,,
17.733252708333332,0,,
17.733339375000000,0,,
17.733426041666668,128,,
17.733512708333333,13,,
17.733599375000001,2,,
17.733686083333332,0,,
17.733772750000000,0,,
17.733859416666668,48,,
17.733946083333333,193,,
18.451188958333333,85,,
18.451275625000001,17,,
18.451362291666666,4,,
18.451448958333334,146,,
18.451535625000002,4,,
18.451622291666666,11,,
18.451709000000001,166,,
18.451795666666666,89,,
18.451882333333334,32,,
18.451968999999998,13,,
18.452055666666666,2,,
18.452142375000001,0,,
18.452229041666666,0,,
18.452315708333334,0,,
18.452402374999998,1,,
18.452489041666666,28,,
18.452575750000001,57,,
18.452662416666666,85,,
18.452749083333334,17,,
18.452835749999998,4,,
18.452922416666667,146,,
18.453009125000001,3,,
18.453095791666666,11,,
18.453182458333334,111,,
18.453269124999998,26,,
18.453355791666667,32,,
18.453442500000001,13,,
18.453529166666666,3,,
18.453615833333334,1,,
18.453702499999999,0,,
18.453789166666667,0,,
18.453875875000001,0,,
18.453962541666666,46,,
18.454049208333334,96,,
18.733904875000000,85,,
18.733991541666665,15,,
18.734078250000000,4,,
18.734164916666668,162,,
18.734251583333332,3,,
18.734338250000000,11,,
18.734424916666665,71,,
18.734511625000000,0,,
18.734598291666668,128,,
18.734684958333332,14,,
18.734771625000000,2,,
18.734858291666665,0,,
18.734945000000000,1,,
18.735031666666668,106,,
18.735118333333332,245,,
18.735205000000001,85,,
18.735291666666665,17,,
18.735378375000000,4,,
18.735465041666668,146,,
18.735551708333332,3,,
18.735638375000001,11,,
18.735725041666665,72,,
18.735811750000000,0,,
18.735898416666668,128,,
18.735985083333333,14,,
18.736071750000001,34,,
18.736158416666665,0,,
18.736245125000000,0,,
18.736331791666668,136,,
18.736418458333333,19,,
18.736505125000001,197,,
18.736591791666665,253,,
18.751430541666668,85,,
18.751517208333333,15,,
18.751603875000001,4,,
18.751690541666665,162,,
18.751777250000000,3,,
18.751863916666668,11,,
18.751950583333333,73,,
18.752037250000001,0,,
18.752123916666665,128,,
18.752210625000000,14,,
18.752297291666668,35,,
18.752383958333333,0,,
18.752470625000001,0,,
18.752557291666665,37,,
18.752644000000000,59,,
18.752730666666668,85,,
18.752817333333333,15,,
18.752904000000001,4,,
18.752990666666665,162,,
18.753077375000000,3,,
18.753164041666668,11,,
18.753250708333333,0,,
18.753337375000001,0,,
18.753424041666666,128,,
18.753510750000000,13,,
18.753597416666668,2,,
18.753684083333333,0,,
18.753770750000001,0,,
18.753857416666666,48,,
18.753944125000000,193,,
19.451321125000000,85,,
19.451407791666668,17,,
19.451494458333332,4,,
19.451581125000001,146,,
19.451667791666665,4,,
19.451754500000000,11,,
19.451841166666668,118,,
19.451927833333333,97,,
19.452014500000001,32,,
19.452101166666665,13,,
19.452187875000000,2,,
19.452274541666668,0,,
19.452361208333333,0,,
19.452447875000001,0,,
19.452534541666665,1,,
19.452621250000000,8,,
19.452707916666668,36,,
19.452794583333333,85,,
19.452881250000001,17,,
19.452967916666665,4,,
19.453054625000000,146,,
19.453141291666668,3,,
19.453227958333333,11,,
19.453314625000001,177,,
19.453401291666665,29,,
19.453488000000000,32,,
19.453574666666668,13,,
19.453661333333333,3,,
19.453748000000001,1,,
19.453834666666665,0,,
19.453921375000000,0,,
19.454008041666668,0,,
19.454094708333333,213,,
19.454181375000001,250,,
19.731419500000001,85,,
19.731506166666666,17,,
19.731592833333334,4,,
19.731679499999998,146,,
19.731766208333333,3,,
19.731852875000001,11,,
19.731939541666666,77,,
19.732026208333334,0,,
19.732112874999999,128,,
19.732199583333333,14,,
19.732286250000001,34,,
19.732372916666666,0,,
19.732459583333334,0,,
19.732546249999999,136,,
19.732632958333333,19,,
19.732719625000001,221,,
19.732806291666666,143,,
19.732892958333334,85,,
19.732979624999999,15,,
19.733066333333333,4,,
19.733153000000001,162,,
19.733239666666666,3,,
19.733326333333334,11,,
19.733412999999999,0,,
19.733499708333333,0,,
19.733586375000002,128,,
19.733673041666666,13,,
19.733759708333334,2,,
19.733846374999999,0,,
19.733933041666667,0,,
19.734019750000002,48,,
19.734106416666666,193,,
20.431379416666665,85,,
20.431466125000000,17,,
20.431552791666668,4,,
20.431639458333333,146,,
20.431726125000001,4,,
20.431812791666665,11,,
20.431899500000000,70,,
20.431986166666668,105,,
20.432072833333333,32,,
20.432159500000001,13,,
20.432246166666665,2,,
20.432332875000000,0,,
20.432419541666668,0,,
20.432506208333333,0,,
20.432592875000001,1,,
20.432679541666666,25,,
20.432766208333334,1,,
20.451566000000000,85,,
20.451652666666668,17,,
20.451739333333332,4,,
20.451826041666667,146,,
20.451912708333332,3,,
20.451999375000000,11,,
20.452086041666668,182,,
20.452172708333332,32,,
20.452259416666667,32,,
20.452346083333332,13,,
20.452432750000000,3,,
20.452519416666668,1,,
20.452606083333333,0,,
20.452692791666667,0,,
20.452779458333332,0,,
20.452866125000000,98,,
20.452952791666668,68,,
20.731499708333335,85,,
20.731586374999999,15,,
20.731673041666667,4,,
20.731759749999998,162,,
20.731846416666666,3,,
20.731933083333335,11,,
20.732019749999999,81,,
20.732106416666667,0,,
20.732193124999998,128,,
20.732279791666667,14,,
20.732366458333335,2,,
20.732453124999999,0,,
20.732539791666667,1,,
20.732626499999999,110,,
20.732713166666667,24,,
20.732799833333335,85,,
20.732886499999999,17,,
20.732973166666667,4,,
20.733059874999999,146,,
20.733146541666667,3,,
20.733233208333335,11,,
20.733319874999999,82,,
20.733406541666668,0,,
20.733493249999999,128,,
20.733579916666667,14,,
20.733666583333335,34,,
20.733753249999999,0,,
20.733839916666668,0,,
20.733926624999999,136,,
20.734013291666667,19,,
20.734099958333335,97,,
20.734186625000000,230,,
20.752258333333334,85,,
20.752344999999998,15,,
20.752431666666666,4,,
20.752518375000001,162,,
20.752605041666666,3,,
20.752691708333334,11,,
20.752778374999998,0,,
20.752865041666666,0,,
20.752951750000001,128,,
20.753038416666666,13,,
20.753125083333334,2,,
20.753211749999998,0,,
20.753298416666667,0,,
20.753385125000001,48,,
20.753471791666666,193,,
21.431450999999999,85,,
21.431537666666667,17,,
21.431624374999998,4,,
21.431711041666667,146,,
21.431797708333335,4,,
21.431884374999999,11,,
21.431971041666667,22,,
21.432057749999998,113,,
21.432144416666667,32,,
21.432231083333335,13,,
21.432317749999999,2,,
21.432404416666667,0,,
21.432491083333332,0,,
21.432577791666667,0,,
21.432664458333335,1,,
21.432751124999999,42,,
21.432837791666667,110,,
21.451654916666666,85,,
21.451741583333334,17,,
21.451828249999998,4,,
21.451914916666666,146,,
21.452001625000001,3,,
21.452088291666666,11,,
21.452174958333334,198,,
21.452261624999998,35,,
21.452348291666667,32,,
21.452435000000001,13,,
21.452521666666666,3,,
21.452608333333334,1,,
21.452694999999999,0,,
21.452781666666667,0,,
21.452868375000001,0,,
21.452955041666666,124,,
21.453041708333334,32,,
21.731640625000001,85,,
21.731727291666665,17,,
21.731814000000000,4,,
21.731900666666668,146,,
21.731987333333333,3,,
21.732074000000001,11,,
21.732160666666665,86,,
21.732247375000000,0,,
21.732334041666668,128,,
21.732420708333333,14,,
21.732507375000001,34,,
21.732594041666665,0,,
21.732680750000000,0,,
21.732767416666668,136,,
21.732854083333333,19,,
21.732940750000001,132,,
21.733027416666665,217,,
21.751671208333335,85,,
21.751757874999999,15,,
21.751844541666667,4,,
21.751931208333332,162,,
21.752017875000000,3,,
21.752104583333335,11,,
21.752191249999999,87,,
21.752277916666667,0,,
21.752364583333332,128,,
21.752451250000000,14,,
21.752537958333335,35,,
21.752624624999999,0,,
21.752711291666667,0,,
21.752797958333332,205,,
21.752884625000000,8,,
21.752971291666668,85,,
21.753057999999999,15,,
21.753144666666667,4,,
21.753231333333332,162,,
21.753318000000000,3,,
21.753404666666668,11,,
21.753491374999999,0,,
21.753578041666668,0,,
21.753664708333332,128,,
21.753751375000000,13,,
21.753838041666668,2,,
21.753924749999999,0,,
21.754011416666668,0,,
21.754098083333332,48,,
21.754184750000000,193,,
21.771537083333332,85,,
21.771623750000000,14,,
21.771710416666668,4,,
21.771797083333333,102,,
21.771883750000001,1,,
21.771970416666665,11,,
21.772057125000000,91,,
21.772143791666668,0,,
21.772230458333333,192,,
21.772317125000001,0,,
21.772403791666665,11,,
21.772490500000000,0,,
21.772577166666668,140,,
21.772663833333333,20,,
22.431557291666667,85,,
22.431643958333332,17,,
22.431730625000000,4,,
22.431817291666668,146,,
22.431903999999999,4,,
22.431990666666668,11,,
22.432077333333332,230,,
22.432164000000000,120,,
22.432250666666668,32,,
22.432337374999999,13,,
22.432424041666668,2,,
22.432510708333332,0,,
22.432597375000000,0,,
22.432684041666668,0,,
22.432770750000000,1,,
22.432857416666668,48,,
22.432944083333332,232,,
22.451778541666666,85,,
22.451865208333334,17,,
22.451951874999999,4,,
22.452038541666667,146,,
22.452125208333332,3,,
22.452211916666666,11,,
22.452298583333334,202,,
22.452385249999999,38,,
22.452471916666667,32,,
22.452558583333332,13,,
22.452645291666666,3,,
22.452731958333334,1,,
22.452818624999999,0,,
22.452905291666667,0,,
22.452991958333332,0,,
22.453078666666666,50,,
22.453165333333335,247,,
22.751794833333335,85,,
22.751881500000000,15,,
22.751968166666668,4,,
22.752054833333332,162,,
22.752141500000000,3,,
22.752228208333332,11,,
22.752314875000000,94,,
22.752401541666668,0,,
22.752488208333332,128,,
22.752574875000001,14,,
22.752661583333332,2,,
22.752748250000000,0,,
22.752834916666668,1,,
22.752921583333332,154,,
22.753008250000001,1,,
22.753094958333332,85,,
22.753181625000000,17,,
22.753268291666668,4,,
22.753354958333333,146,,
22.753441625000001,3,,
22.753528291666665,11,,
22.753615000000000,95,,
22.753701666666668,0,,
22.753788333333333,128,,
22.753875000000001,14,,
22.753961708333332,34,,
22.754048375000000,0,,
22.754135041666668,0,,
22.754221708333333,136,,
22.754308375000001,19,,
22.754395041666665,179,,
22.754481750000000,235,,
22.754568416666668,85,,
22.754655083333333,15,,
22.754741750000001,4,,
22.754828416666665,162,,
22.754915125000000,3,,
22.755001791666668,11,,
22.755088458333333,0,,
22.755175125000001,0,,
22.755261791666666,128,,
22.755348500000000,13,,
22.755435166666668,2,,
22.755521833333333,0,,
22.755608500000001,0,,
22.755695166666666,48,,
22.755781875000000,193,,
22.772215416666668,85,,
22.772302083333333,14,,
22.772388750000001,4,,
22.772475416666666,102,,
22.772562125000000,1,,
22.772648791666665,11,,
22.772735458333333,99,,
22.772822125000001,0,,
22.772908791666666,192,,
22.772995500000000,0,,
22.773082166666665,11,,
22.773168833333333,0,,
22.773255500000001,4,,
22.773342166666666,242,,
23.351610708333332,85,,
23.351697375000001,14,,
23.351784083333332,4,,
23.351870750000000,102,,
23.351957416666668,40,,
23.352044083333332,11,,
23.352130750000001,92,,
23.352217458333332,0,,
23.352304125000000,192,,
23.352390791666668,0,,
23.352477458333333,11,,
23.352564125000001,0,,
23.352650833333332,174,,
23.352737500000000,18,,
23.451737500000000,85,,
23.451824166666668,17,,
23.451910833333333,4,,
23.451997541666668,146,,
23.452084208333332,3,,
23.452170875000000,11,,
23.452257541666668,219,,
23.452344208333333,41,,
23.452430875000001,32,,
23.452517583333332,13,,
23.452604250000000,3,,
23.452690916666668,1,,
23.452777583333333,0,,
23.452864250000001,0,,
23.452950958333332,0,,
23.453037625000000,233,,
23.453124291666665,244,,
23.971509208333334,85,,
23.971595874999998,17,,
23.971682541666667,4,,
23.971769208333335,146,,
23.971855874999999,3,,
23.971942583333334,11,,
23.972029249999999,219,,
23.972115916666667,41,,
23.972202583333335,32,,
23.972289249999999,13,,
23.972375958333334,3,,
23.972462624999999,1,,
23.972549291666667,0,,
23.972635958333335,0,,
23.972722624999999,0,,
23.972809333333334,233,,
23.972895999999999,244,,
24.451791833333335,85,,
24.451878499999999,17,,
24.451965208333334,4,,
24.452051874999999,146,,
24.452138541666667,3,,
24.452225208333335,11,,
24.452311874999999,219,,
24.452398583333334,44,,
24.452485249999999,32,,
24.452571916666667,13,,
24.452658583333335,3,,
24.452745250000000,1,,
24.452831916666668,0,,
24.452918624999999,0,,
24.453005291666667,0,,
24.453091958333335,136,,
24.453178625000000,99,,
24.491558250000001,85,,
24.491644916666665,17,,
24.491731625000000,4,,
24.491818291666668,146,,
24.491904958333333,3,,
24.491991625000001,11,,
24.492078291666665,219,,
24.492165000000000,41,,
24.492251666666668,32,,
24.492338333333333,13,,
24.492425000000001,3,,
24.492511666666665,1,,
24.492598375000000,0,,
24.492685041666668,0,,
24.492771708333333,0,,
24.492858375000001,233,,
24.492945041666665,244,,
24.860839500000001,5,,Error
25.101700333333334,0,,Error
25.101801875000000,64,,Error
25.101886499999999,61,,Error
25.101969666666665,253,,
25.102053041666668,239,,
